Effectiveness Measure,Best Run Score,Second Best Run Score,Relative Percent Improvement,Two-sided Paired t-Test p-value
Mean Average Precision,0.143,0.108,32.407%,0.03755875732392416
Mean P@10,0.149,0.127,17.323%,0.22925829973061507
Mean NDCG@10,0.193,0.185,4.324%,0.7657082315897891
Mean NDCG@1000,0.357,0.300,19.000%,0.004293697165838204
Mean TBG,1.137,1.091,4.216%,0.597983844361123
